Descriptores,2003|T1,2003|T2,2003|T3,2003|T4,2003|Anual,2004|T1,2004|T2,2004|T3,2004|T4,2004|Anual,2005|T1,2005|T2,2005|T3,2005|T4,2005|Anual,2006|T1,2006|T2,2006|T3,2006|T4,2006|Anual,2007|T1,2007|T2,2007|T3,2007|T4,2007|Anual,2008|T1,2008|T2,2008|T3,2008|T4,2008|Anual,2009|T1,2009|T2,2009|T3,2009|T4,2009|Anual,2010|T1,2010|T2,2010|T3,2010|T4,2010|Anual,2011|T1,2011|T2,2011|T3,2011|T4,2011|Anual,2012|T1,2012|T2,2012|T3,2012|T4,2012|Anual,2013|T1,2013|T2,2013|T3,2013|T4,2013|Anual,2014|T1,2014|T2,2014|T3,2014|T4,2014|Anual,2015|T1,2015|T2,2015|T3,2015|T4,2015|Anual,2016|T1,2016|T2,2016|T3,2016|T4,2016|Anual,2017|T1,2017|T2,2017|T3,2017|T4,2017|Anual,2018|T1,2018|T2,2018|T3,2018|T4,2018|Anual,2019|T1,2019|T2,2019|T3,2019|T4,2019|Anual,2020|T1<R>,2020|T2<R>,2020|T3<R>,2020|T4<P>,2020|Anual
Índice de volumen físico base 2013=100|Total,77.50395592946386,83.41688040748593,76.81175199045721,81.44084110610981,79.7933573583792,79.98419988290007,86.77948659197884,80.30009067655051,86.17894238971161,83.31067988528527,78.94753510217024,88.91130892120462,83.27770005545825,86.76626902529463,84.47570327603195,84.41344872350659,93.15377415530565,87.84755689110082,89.94084398651512,88.83890593910705,83.8520505377963,94.21871561117125,89.99943855935851,92.34971255260545,90.10497931523287,83.03634908506889,95.6517854983106,92.88191034240918,95.10865236756777,91.66967432333911,82.17433384358178,87.73860191217634,90.33233291302206,93.28377209033228,88.38226018977811,87.4081301785277,92.09218265239133,90.95011649063514,95.70740352826778,91.53945821245549,90.31001056572045,94.48606598484439,95.33874385781836,99.02627456949513,94.79027374446957,94.68251395789542,98.8697943714098,97.03410689557208,103.55788404029471,98.536074816293,94.15228077443197,101.02619098004106,99.4845087976455,105.33701944788152,100,98.7184092977617,103.55447675036554,101.48920830608628,107.5336454428138,102.82393494925684,103.01242599938767,107.38370015338765,106.73403374728181,112.30817757738866,107.35958436936146,104.81978767315263,110.84659872623301,108.6705970529019,118.18605576002315,110.63075980307768,110.73441209878503,113.53894757398339,111.12182389783554,120.34208313458493,113.93431667629723,110.25092738897018,117.32434856918697,116.51650840049324,123.96116714947729,117.01323787703193,112.92373960693976,115.25226709647033,116.8138350488469,124.81690441663314,117.45168654222256,111.2702586505602,96.73368937489307,103.68606600981668,114.04540314428293,106.4338542948882
Índice de volumen físico base 2013=100|Actividades primarias,108.14054411626977,129.9467790948138,136.74333475594023,131.58167554788025,126.60308337872601,92.03413880216614,145.70773682982852,107.64183073305958,110.94991220128836,114.08340464158564,106.35627334284914,136.859838554018,128.63784686967367,130.0857900646631,125.48493720780097,81.83604666036467,126.82578558340654,117.12569264557689,112.93605493124058,109.68089495514717,86.5444222422757,123.68391647252261,110.372993079401,112.06544275244859,108.16669363666198,84.65573703661816,120.457311028187,113.86670731986189,88.75271711754107,101.93311812555204,89.94173441423779,114.36430813033473,116.46190191992068,118.24877395332737,109.75417960445513,95.8366890570161,123.42098104294699,122.40933516098367,91.83539298781682,108.3755995621909,96.11800884635633,128.177662612277,120.04333658581201,113.21619047551452,114.38879962998998,91.28361678838357,117.35448588874166,111.66380714635167,128.75244146606616,112.26358782238577,63.911835519554785,114.55762826258689,111.15616108337458,110.37437513448376,100,85.43722121111263,110.87542493461189,102.21232599355288,108.12499294660576,101.6624912714708,79.36863723655311,104.44960820318295,102.03944328141425,111.50050486713813,99.33954839707211,69.4861540095938,118.9524636693427,108.60852470932979,111.92164620917188,102.24219714935954,71.84688106667545,112.96800452817737,104.95631529948615,92.64107559639758,95.60306912268413,60.962400188160835,115.78648791905115,110.58017288830828,113.25128656841518,100.14508689098388,66.21533498145908,118.77443945110124,113.76665404618124,114.6209007635713,103.34433231057822,68.02446269134829,121.47678090330017,120.27747969877916,106.84962001485205,104.1570858270699
Índice de volumen físico base 2013=100|Actividades secundarias,95.72990872466869,97.76326267197595,101.33120604968366,101.8624231712032,99.17170015438288,96.15520734086803,99.01092269418473,107.11257755903625,107.91835502469327,102.54926565469556,103.10693406671516,102.68949964182484,102.43110351279547,104.72449548401859,103.2380081763385,107.26629279565839,109.32677468230314,121.25531943672077,116.07004460423056,113.47960787972823,104.59078759829636,106.50496769849667,113.68778063225551,115.00426330709442,109.94694980903574,101.08149771593837,106.58643731081463,104.80331962013167,110.63431443000728,105.776392269223,97.82021703563527,101.10611550754255,104.43426713662247,106.84200632447241,102.55065150106817,96.81389006377808,96.11582521004274,97.33196386367791,100.37729272863116,97.65974296653248,92.78005340672475,102.05121253228009,104.66297436109588,110.15440436351528,102.41216116590401,100.57749768553008,102.32218026464625,111.8616987456977,107.98750102139792,105.68721942931798,97.46985325631174,100.78369170280885,98.40991605351411,103.3365389873653,100,99.53070294889874,101.97237766082165,104.07060561536858,110.72062950942416,104.07357893362827,97.64682042628708,96.27547380946007,98.87640608907626,98.89742181164229,97.92403053411644,96.28408282002965,100.54984298367258,104.21636322256411,110.39757809567728,102.86196678048589,104.98295776641523,102.13783788480836,103.65491629222716,105.17211863497083,103.98695764460541,103.67385172338062,105.63626237567271,102.08514732774023,104.8362655799045,104.05788175167451,99.81486515387996,97.24630302119009,102.0258381181429,107.60943526971023,101.67411039073077,98.54235410632216,70.65284030105636,84.81767920044047,98.31345649464357,88.08158252561566
Índice de volumen físico base 2013=100|Actividades secundarias|21---Minería,111.21438300261653,119.09575441522055,112.28194210502357,132.42881687908007,118.75522410048518,108.39353601747008,117.23841281241587,123.16819954833942,120.25993192989097,117.26502007702908,121.69704652598065,109.32454314166775,95.56301341932495,98.4175355683069,106.25053466382006,114.92092950373276,114.21237437337754,134.0343725634038,126.45336773523412,122.40526104393706,109.29858491620405,114.80521126766715,126.14955711900535,129.44346101242738,119.92420357882598,95.34719442804408,105.72748089971304,95.58473550585929,109.99877682867367,101.66454691557252,99.44775490393751,112.14943498165172,109.05305361117034,108.3008309436601,107.23776861010492,88.67199938223072,92.64056655065643,90.72592727852803,99.77761233792593,92.95402638733529,89.9481502159447,115.49604527518467,112.05903240202527,119.4958661024147,109.24977349889234,107.4810704266287,113.93820919176196,134.5489541682932,118.22680063302514,118.54875860492726,100.81470952658056,102.6318661311677,93.90981159521039,102.64361274704137,100,106.58325263081454,112.41588105091076,115.3055743217754,124.22352450148102,114.63205812624544,108.88155320597083,105.2251407581696,104.11515825185869,108.78169204732335,106.75088606583061,107.5403804829361,122.05645346506672,130.10944092749745,131.77598413175244,122.87056475181319,135.23728401828893,126.49390094391364,116.25792801068519,119.67584754912694,124.41624013050368,120.24081181558238,120.98154372317644,112.86408164812029,119.61539727294969,118.4254586149572,103.40563196333115,106.51598425724697,109.68933783723342,128.4017667727857,112.00318020764932,111.892556794761,90.49366301414274,110.00439984497336,153.09916134827745,116.37244525053865
"Índice de volumen físico base 2013=100|Actividades secundarias|22---Generación, transmisión y distribución de energía eléctrica, suministro de agua y de gas por ductos al consumidor final",51.35657085622821,53.1763704219675,52.987197379778436,54.6211160868161,53.03531368619756,57.755653543530606,57.532248696635016,57.619424454767596,58.920518550846566,57.95696131144494,61.83894045539746,63.690868132243814,64.10571781295266,65.34297201288855,63.744624603370625,66.29220587324262,68.5754971199647,69.60697050607955,71.09253849174264,68.8918029977574,69.78547289915007,69.93042904119253,70.07749505674978,68.64228506354043,69.6089205151582,67.148785324726,64.7247338561264,65.16845052225811,65.58650530068863,65.65711875094979,75.29897813728446,77.41995718423655,77.89304023948517,77.96233875603133,77.14357857925937,88.63147964034846,87.32183350106925,90.52115836009376,90.50435674226594,89.24470706094434,90.29180860269857,91.65088965777444,90.02849193748894,91.9267247053169,90.97447872581971,99.88096958363974,103.60402280398651,100.36115865411826,99.01344847816074,100.71489987997633,97.44250521763853,101.67145610393487,100.7099614116796,100.17607726674697,100,98.10689190917681,100.81814260217055,101.91651099203469,105.40006342250724,101.56040223147234,101.84059201045442,107.07719373589038,106.63378578399276,104.65529158814937,105.05171577962173,99.60188209395969,102.10372219535826,108.06076156001932,107.62578739043722,104.34803830994363,102.5902477347146,106.22274022667388,106.05065183008544,105.54897459271145,105.10315359604634,107.53565591972334,110.93096991060291,111.52682695576495,109.01976343732147,109.75330405585318,107.01843452802153,106.85996378374554,106.96487067139415,105.61148146059924,106.61368761094012,100.98032350788311,92.66771343801804,92.68421825532918,97.84086615501283,96.04328033906079
Índice de volumen físico base 2013=100|Actividades secundarias|23---Construcción,79.11748781739747,81.21539708207226,87.0897445912134,91.02862879015328,84.61281457020911,82.04396514757082,86.95004302772769,98.08993224588643,99.5944327788768,91.66959330001544,100.84688282172765,89.59243848772284,85.7063751190448,89.28056953046028,91.3565664897389,104.36197555720628,100.68402064130902,124.58185192480222,114.79464992784112,111.10562451278965,96.51735177800437,92.33048997453035,108.77585461453361,119.53557297643884,104.28981733587679,90.39379646987442,96.24588814066044,92.27840110825177,106.81368706788983,96.43294319666911,89.55220305107946,97.06864729615069,100.56965848886854,101.87664472717557,97.26678839081856,87.39373520288024,81.34894410459573,82.49906588285675,87.74415052250727,84.74647392821,80.73870434911574,103.5177512638678,107.47455773847423,117.18334927488128,102.22859065658476,98.53478873732708,103.51252416953803,128.26750128865095,119.58671957034362,112.4753834414649,100.24744565758283,99.42643308999968,94.75590409431062,105.57021715810689,100,103.21580859133297,107.00487279499869,111.53935755174658,124.29014322860188,111.51254554167002,100.80944955768362,93.82060661603748,97.73439605151873,97.57915523517927,97.48590186510478,102.13492618174571,106.31818267336337,113.59425651973866,125.04945478699634,111.77420504046103,117.73937233008533,110.30356646126795,111.58263155783705,115.36655580475296,113.74803153848583,115.3735799557223,110.98984814943445,104.04311794271021,112.29622900304514,110.67569376272803,106.47394751316439,98.30253918398972,102.69079391670515,117.07316529977318,106.1351114784081,105.29672803317742,61.52760147247586,79.64923432158332,109.02752522129713,88.87527226213344
Índice de volumen físico base 2013=100|Actividades secundarias|31-33---Industrias manufactureras,109.89539376787249,111.90014495554881,114.27840623794263,112.51266837239675,112.14665333344018,108.24352328053767,110.0120434274805,116.7781063019448,117.09666572453696,113.03258468362498,107.76638590016718,114.17335146368997,116.21192685801394,117.76060814860973,113.9780680926202,112.32531479822771,118.07349068684742,123.12095431810064,120.38778450041544,118.47688607589781,112.50737277345533,118.49443694188975,120.24469814388472,115.6798899480757,116.73159945182638,110.6236636324655,116.51877499612088,115.97712033132122,116.60683004199399,114.93159725047539,104.90807827555774,105.54869462659158,108.99143963556513,112.29350579366317,107.9354295828444,103.53513667989576,106.33238795803194,107.4386710545198,109.29905956306452,106.651313813878,100.74644868433404,101.9061204154047,103.98311325791809,107.03133614594147,103.41675462589959,101.94578664819866,101.44712530170912,102.15543062667795,101.19413184326886,101.68561860496365,95.67740027560302,101.58938156578161,100.59177468100522,102.14144347761021,100,97.25901735220246,98.80809260899035,99.41140648773914,102.36934247283853,99.46196473044262,95.27250646255823,97.01349931077614,99.00639648306398,99.29396841968696,97.64659266902133,92.24307792179935,96.69313617639165,97.84923600461079,101.14458610361292,96.98250905160369,96.9183018864461,96.53520787926622,98.34453553421801,98.55487753278203,97.58823070817809,95.8126375047624,101.75979526919751,100.08005863224172,99.68726949227757,99.3349402246198,94.95446568341809,95.81068949361081,101.20758566770016,101.64478120815691,98.4043805132215,93.98545645526659,74.81619469994956,87.52550946509312,91.40243572870357,86.9323990872532
Índice de volumen físico base 2013=100|Actividades terciarias,75.26780784295784,81.64546384070046,73.79405495702774,78.92737065437244,77.40867432376461,78.00777161898058,85.25954332626966,77.01935917359005,83.51763718047297,80.95107782482832,75.9900390092439,87.20841212683543,80.92115288165282,84.55637438028772,82.16899459950497,81.63020744060688,91.16624671683088,83.762242940974,86.74555078221204,85.82606197015595,81.32375952913023,92.70688645709653,87.10287135200497,89.57943932259576,87.67823916520688,80.83680070431149,94.30698348725748,91.41879391415134,93.22009856788185,89.94566916840054,80.26404028839482,86.09645069700012,88.60094434094285,91.61921609430802,86.64516285516146,86.25784083824749,91.58618651659535,90.15671624849134,95.14033874202448,90.78527058633965,90.00612872400883,93.5473642055568,94.19021646512634,97.66322801527981,93.85173435249293,93.96593834107182,98.43985272574514,95.22007362073056,103.00550137674995,97.65784151607436,93.763230278652,101.04894456721694,99.60958371539924,105.57824143873178,100,98.62610270344895,103.74357392339853,101.1743114213151,107.14502618990396,102.67225355951663,103.6780768134671,108.7386700563689,107.69381403816229,113.94263459685394,108.51329887621304,105.87757288660387,112.09715080433114,109.21336030372397,119.13819857504495,111.58157064242597,111.4547309725936,114.9284177159314,112.03473492087804,122.20439629642325,115.15556997645658,111.07706748378475,118.74927123165828,118.27789751406053,126.29684376017298,118.60026999741915,114.5444600044697,117.44445943279496,118.6172283070596,126.91869089178299,119.38120965902681,112.8428207022859,99.89912197551169,105.9767794030079,115.96589621064103,108.67115457286162
Índice de volumen físico base 2013=100|Actividades terciarias|43-46---Comercio,69.55552983549738,77.38270392510867,79.85564698314825,88.73724651907939,78.88278181570843,70.41608662725068,81.50507928805123,82.58250053473401,98.90963774730638,83.35332604933558,65.78415625636983,88.34462788306593,88.13676653717118,100.50866000188515,85.69355266962303,84.45014872537573,96.40010650240689,89.89765374957722,96.87437400873485,91.90557074652367,80.96542043138635,95.67609768172682,92.46333899658627,95.66725507377572,91.1930280458688,74.02071387943512,93.39630494627062,99.19308431301359,102.50558307132663,92.27892155251149,66.26866239121762,74.16206822412968,84.38304809123109,99.12587159346417,80.98491257501065,81.02650181666161,84.96283675877436,89.63619947115954,108.44213018006592,91.01691705666535,90.81064026326402,94.61735934752475,98.95261174083588,101.91375991610239,96.57359281693175,96.062299129815,97.570144583608,93.11749558675537,111.35714900238779,99.52677207564153,87.22715457146222,104.36250456794085,97.35494727134831,111.05539358924862,100,91.67231527574526,109.0557249964933,100.50231948111407,112.91024208161883,103.53515045874289,94.25684457585527,107.0055625499984,106.29836919033306,109.9200105662411,104.37019672060697,86.37182649131124,100.32494592074508,97.8456921526374,113.75712005392369,99.57489615465434,92.20945569819719,103.57199054580724,100.00320549046293,117.98015589633155,103.44120190769974,93.62098722053702,107.00846568496205,107.3818444611903,122.69305744760352,107.67608870357324,96.40216548964679,103.25867812283691,104.79007103285181,122.69817437981399,106.78727225628737,89.27432226526295,67.93464895518491,88.7087633351245,113.52163753517183,89.85984302268606
Índice de volumen físico base 2013=100|Actividades terciarias|Resto,76.74176881568724,82.74540010841915,72.22995915016391,76.39609081242259,77.02830472167321,79.96668317413443,86.22832206193738,75.58388050091452,79.54598032166622,80.33121651466315,78.6235020252844,86.91523002346148,79.05928045376379,80.44014502286532,81.25953938134374,80.90256719030585,89.81573383027293,82.17909939093454,84.13197173089988,84.2573430356033,81.41622313898742,91.94072951249768,85.71968935467004,88.00857690751596,86.77130472841776,82.59558169387145,94.54196935915722,89.41276398640238,90.82412943733773,89.3436111191922,83.8753212505779,89.17592511607823,89.68930426512321,89.68224502479248,88.10569891414296,87.60770328241836,93.29523482254521,90.29102718616558,91.70802655038173,90.72549796037771,89.79853753019371,93.27126926091107,92.96135737179459,96.56644698904627,93.14940278798639,93.42500633752927,98.66426684870991,95.76260988387287,100.85049375245347,97.17559420564137,95.44975892705118,100.19393398904035,100.1913561924888,104.16495089141966,100,100.42041510696036,102.37285923606045,101.34770807542604,105.65740545214422,102.44959696764778,106.10907345178262,109.1858704241728,108.05388601690882,114.9806076824326,109.58235939382422,110.91071533749111,115.13477791889353,112.14660325579271,120.52669887579475,114.67969884699303,116.42066306253152,117.85876011462864,115.13927654149172,123.29439322602475,118.17827323616913,115.5813267322414,121.77879625506114,121.08944781601438,127.22674254518421,121.41907833712531,119.2257857445137,121.1048709168376,122.18510265759994,128.0077269322694,122.63087156280514,118.9242906231538,108.14703737533829,110.43251172683435,116.59659763837121,113.52510934092442
Variación porcentual anual|Total,NA,NA,NA,NA,NA,3.2001514292941238,4.031085996103883,4.5414127339872294,5.8178442403713575,4.408039269620616,-1.2960869549830392,2.456597074893068,3.7081021376446017,0.6815198925592085,1.3984082141099492,6.923475969531694,4.77156987741661,5.487491648543724,3.658766242783827,5.1650385778002175,-0.6650577534737891,1.1432080616402374,2.4495634761080964,2.678281033755354,1.4251339126053892,-0.9727865299605583,1.5210034204387455,3.2027664052032776,2.9874915023592905,1.736524462906928,-1.0381179459178753,-8.272907342930921,-2.7449666140458504,-1.918732136149785,-3.5861522993586448,6.369137527671825,4.96199009937817,0.6839008333903109,2.5981276095788246,3.5722078343528523,3.3199204482074833,2.5994424971867147,4.825312530122062,3.4677265487064375,3.551272419014367,4.841659706144114,4.639550118711199,1.7782519143340778,4.576168790051142,3.9516723856301468,-0.5600117289864528,2.1810469237254324,2.525299588432887,1.7180105832352837,1.485674344585263,4.84972693786267,2.5026042710290426,2.0150871051878028,2.085331449898419,2.823934949256838,4.349762857983293,3.6977864436059633,5.167865163927004,4.440035595290908,4.411083297233233,1.7545084063700074,3.2247897659504616,1.8143821962218283,5.233704534635677,3.046933772081317,5.642660185570378,2.4288962211640666,2.2556486403956626,1.8242654437504768,2.9861106252003395,-0.43661649585816065,3.334010994541714,4.8547479814743895,3.0073303707439862,2.702365091179985,2.424299079625669,-1.7661137675055443,0.25517984741843236,0.6903268877131126,0.3747000537250216,-1.4642456600666378,-16.067864162773077,-11.23819711384418,-8.629841705091025,-9.380735663913654
Variación porcentual anual|Actividades primarias,NA,NA,NA,NA,NA,-14.893956236050059,12.128779062322877,-21.281844614087447,-15.679815035555137,-9.888920872241656,15.561762979571569,-6.072359964072433,19.50544318470577,17.2473123085108,9.994032525620497,-23.054800541422964,-7.331627069435015,-8.949274653018747,-13.183403909756564,-12.59437395779429,5.753425017525231,-2.47731097933368,-5.765344403648143,-0.7708894908026025,-1.3805515710866558,-2.182330364827294,-2.6087510295264877,3.165370570269417,-20.802778325165832,-5.762934320659625,6.244110042220925,-5.058225894172992,2.2791513526150027,33.23397614601785,7.672738382504704,6.554192757311512,7.919142834572895,5.1067629353610045,-22.33712881956467,-1.2560615433804259,0.2935408058315261,3.854029946233254,-1.932857957328224,23.28165295762841,5.548481477464335,-5.029642328213939,-8.443886791939903,-6.980420303021418,13.722640662345626,-1.8578845258264494,-29.985425897708325,-2.383255829526931,-0.4546200563551679,-14.273955602174823,-10.923922939099555,33.67981144114043,-3.2142803441554406,-8.04618925541449,-2.0379568945575244,1.662491271470799,-7.102974427930235,-5.7955283916328,-0.16914076698490987,3.121860939403035,-2.284955685569116,-12.451370681224134,13.885026201292945,6.437786425195057,0.37770352926705186,2.921946796743228,3.3974064196382443,-5.030966956515186,-3.362728128034206,-17.2268468753047,-6.4935302759355835,-15.14955237710818,2.4949395208364393,5.358284132569651,22.247378756490875,4.7509120888902885,8.616679751920913,2.5805701388395477,2.881602618845136,1.2093586189228205,3.19461045860092,2.7321884128438825,2.2751877126824525,5.722964876821422,-6.779985759097357,0.7864519498264713
Variación porcentual anual|Actividades secundarias,NA,NA,NA,NA,NA,0.44426932174621925,1.2762053844244576,5.705420605097643,5.945206941829468,3.4057755338012328,7.229693448846092,3.71532437789935,-4.370610952444437,-2.959514662676142,0.671621115222905,4.034024255101912,6.463440822702182,18.377441302849775,10.833710936275992,9.920377082339954,-2.4942646265018595,-2.5810758544798347,-6.240995314366003,-0.9182225274145281,-3.1130333781524797,-3.3552571530832864,0.07649372050757108,-7.814789736165466,-3.7998146776681807,-3.793245330640346,-3.2263873745401526,-5.141668997989896,-0.35213816208005255,-3.427786510065175,-3.0495847882055216,-1.028751522285603,-4.935695800841572,-6.800740281590919,-6.050722761802433,-4.7692612996074075,-4.166588755390322,6.175244616863765,7.531966074049137,9.74036195747621,4.8663021783706455,8.404224822573951,0.2655213256583835,6.87800478492575,-1.9671508866467775,3.1979192960379805,-3.0898009005303066,-1.503572888945726,-12.025369579595207,-4.306944776054252,-5.3811799194144925,2.1143457425422554,1.179442762940269,5.752153633355661,7.145672377281471,4.073578933628269,-1.8927652139449833,-5.586712776582019,-4.991034207573847,-10.678414447395753,-5.908846858657242,-1.395578064199384,4.439728006607325,5.400638377447862,11.628368134750673,5.042619487204519,9.034592937490132,1.5793111694800501,-0.5387320311090775,-4.733309870419205,1.0936898246562947,-1.2469700519843627,3.4251992829629927,-1.514418245306743,-0.31933658789549213,0.06820481017581415,-3.7222370977371355,-7.942309928238032,-0.05809778518214159,2.6452389108538483,-2.2908128829994894,-1.2748712785375318,-27.34650253422896,-16.866471508693607,-8.638627971392467,-13.36872072239376
Variación porcentual anual|Actividades secundarias|21---Minería,NA,NA,NA,NA,NA,-2.536404832709522,-1.5595363679624938,9.695465930873652,-9.189000729577188,-1.2548534472851145,12.27334303990824,-6.750236105132629,-22.412592073476205,-18.162654851923364,-9.392814162291387,-5.568020930402199,4.470936800875464,40.2575826855404,28.486622841179468,15.2043718473804,-4.8923591305847225,0.5190653793357853,-5.882681653669536,2.36458176697505,-2.026920611051594,-12.764474946181693,-7.907071697981948,-24.229036003917344,-15.021758559041388,-15.225997853928973,4.300661913013101,6.074063268404345,14.090448683080197,-1.5436043326719613,5.481971703627096,-10.83559456130078,-17.395422842912268,-16.80569752589217,-7.869947563161446,-13.319693619048024,1.4391813003031189,24.671134445222435,23.513791220898455,19.762202464523966,17.530974982894662,19.492252112568778,-1.3488220135251794,20.069709049050715,-1.0620162109222235,8.511674494345016,-6.202358120911072,-9.923223421534814,-30.20398250160426,-13.180757495378586,-15.646522851194419,5.721926027781748,9.533116066737705,22.783309180503394,21.024115555657573,14.63205812624544,2.1563430636867764,-6.396552004502496,-9.705008743712924,-12.430682929120707,-6.875190229713226,-1.2317722181071815,15.995524059767405,24.966856999590334,21.13801656479646,15.100276241306304,25.7548870582131,3.635569732588479,-10.646047525890836,-9.18235341769676,1.2579704356471524,-11.089007230194369,-4.357804747583302,-2.9192386451726264,-0.050511675843736725,-4.815112166436293,-14.001219384706047,-11.956831613116776,-2.8128911913578065,7.345517132536401,-5.423055551077894,8.207410631598307,-15.042175458294324,0.2872312058328248,19.23446631322075,3.901018734279589
"Variación porcentual anual|Actividades secundarias|22---Generación, transmisión y distribución de energía eléctrica, suministro de agua y de gas por ductos al consumidor final",NA,NA,NA,NA,NA,12.46010506662627,8.191379441850884,8.74216283187863,7.871319321261922,9.279944405284496,7.069934562837659,10.704638833227122,11.25712972589119,10.9001984707579,9.986139992440869,7.201393466722109,7.669276822508891,8.581532008078312,8.799058723132475,8.07468618164016,5.269498849664032,1.9758251534911295,0.6759733217079713,-3.4465690495589882,1.040933008276994,-3.7782757139647742,-7.444105887009101,-7.005165539259437,-4.451745392833502,-5.677148467412096,12.13751339379381,19.61417617618912,19.525690138790424,18.869481455985976,17.494614516789824,17.706085570983817,12.789824067286887,16.212126374555353,16.087277763026762,15.686501332384964,1.8732948711760713,4.9575873331292115,-0.5442555437094541,1.5716016490802787,1.9382344587608031,10.620189283321736,13.042026314032753,11.477107407068175,7.709100694668763,10.70676225967992,-2.441370339280951,-1.8653394412183673,0.3475475594731279,1.1742130048552752,-0.7098253394763532,0.6818243127620178,-0.8392852177625798,1.1980439307517798,5.214804071285343,1.560402231472338,3.805747005759912,6.208258724243791,4.6285677816489965,-0.7066142184112323,3.4376720369737654,-2.198249118843407,-4.644753347570301,1.3382023019581766,2.8383617848753318,-0.6698391020612036,3.000310413748835,4.034150707487981,-1.8601661703239216,-1.9296609558745246,0.7236506774183908,4.820544149378563,4.432412187712259,5.163735470908222,3.2883207610523613,4.424368157095685,-0.48097664656263817,-3.669855343497062,-4.090456447918328,-3.126297351288727,-2.8606122357057444,-5.642122356552875,-13.281167093083255,-13.350787343946251,-7.357737244208053,-9.914681227848888
Variación porcentual anual|Actividades secundarias|23---Construcción,NA,NA,NA,NA,NA,3.698900724613054,7.0610329465732775,12.630864525216296,9.41001100705374,8.340082723463624,22.91809963150415,3.038981198839096,-12.624697400951632,-10.355863235162673,-0.34147289085495913,3.4855740079665622,12.380042714325825,45.35890912637478,28.577416711791983,21.617557206759685,-7.516745191261592,-8.296778985950965,-12.687239004770234,4.129916378139441,-6.134529378508887,-6.344512354850423,4.2406340172246075,-15.166466459623294,-10.642761474073154,-7.533692492627296,-0.9310300614217937,0.8548512267742865,8.985046642594384,-4.622106469909909,0.8646891472023981,-2.41029005949531,-16.194418722654163,-17.968235029864303,-13.872162989382844,-12.87213721121526,-7.614997617752778,27.251499577877937,30.273666238937807,33.551180992768934,20.628724615945828,22.041577867364225,-0.005049466652778278,19.34685193194629,2.050948629079258,10.023411962414784,1.7381241104817775,-3.947436421167694,-26.12633508695737,-11.720785102723653,-11.091656733899839,2.961035978801135,7.622157880429128,17.71230364783534,17.732203811288144,11.512545541670022,-2.331386118551819,-12.321182984086903,-12.376762609398469,-21.49083370536806,-12.578534198489592,1.3148337084249562,13.320715467629029,16.22751161204266,28.15181119944097,14.656789240281682,15.278266438037093,3.748543934529721,-1.7708861552802944,-7.7432556573211855,1.7659051990665375,-2.009346854449376,0.622175429302601,-6.7568881553208655,-2.661366442198414,-2.701003027659681,-7.713752529802221,-11.431053539565866,-1.2997726834270082,4.253870623383534,-4.102601149313102,-1.1056408703560265,-37.40995707413355,-22.43780451615882,-6.87231788589186,-16.26213886795226
Variación porcentual anual|Actividades secundarias|31-33---Industrias manufactureras,NA,NA,NA,NA,NA,-1.5031298680488874,-1.687309278123223,2.187377428765913,4.074205525877318,0.7899757361021784,-0.44079993509993187,3.7825931657678495,-0.48483355473064194,0.5670036972996968,0.8364697769599871,4.230381171253001,3.4159803256697927,5.9451965446954915,2.2309466578928294,3.9470909259681406,0.1620809837521051,0.3565120778538926,-2.3361223848092436,-3.910608183277489,-1.4731030514706305,-1.6742983988994808,-1.6673035433197043,-3.549077737678658,0.8012975239986417,-1.5420008033846955,-5.166693245576397,-9.414860712271064,-6.0233265628595944,-3.699032249463812,-6.0872447916859045,-1.3087091272949891,0.7424945748622633,-1.4246702183559563,-2.6666245829931654,-1.1897073777621756,-2.6934701445207168,-4.162671061590615,-3.2163072780825814,-2.074787675382126,-3.0328357638642984,1.1904518516801375,-0.45040976128277066,-1.7576725431434,-5.45373393705313,-1.6739415457370939,-6.14874491500764,0.1402270036232096,-1.530663554624951,0.936132972422314,-1.657676501445195,1.6530727967561063,-2.7377752614728905,-1.1734241661499993,0.22312098543847014,-0.5380352695573833,-2.0424953322842185,-1.8162412114520663,-0.40740798162343594,-3.0041943992827242,-1.825192239406519,-3.1797510669559443,-0.33022531571430136,-1.168773452583082,1.863776534848455,-0.6800888789520769,5.06837376850136,-0.16332937721382734,0.5061864045457583,-2.5604025589446735,0.6245679375567619,-1.1408210422208356,5.412105598265796,1.7647377036213925,1.1489963641006682,1.7898772257332496,-0.8956770669230991,-5.8462241987110986,1.1266250748330293,1.9636526568028785,-0.9367899243650584,-1.0204988477131849,-21.912476472743975,-13.518824811738995,-10.076607335578004,-11.657998725399153
Variación porcentual anual|Actividades terciarias,NA,NA,NA,NA,NA,3.640286404699779,4.426552701838631,4.370683002093443,5.815810773934913,4.576235844380278,-2.586578962403962,2.2858072240756258,5.0659908754482075,1.2437339403773393,1.5045096463225889,7.422247053560383,4.538363322381329,3.510936211544461,2.589014037047761,4.4506658362752205,-0.3754099384099021,1.6899234044931006,3.988227026567401,3.2668978579646506,2.158059163538198,-0.5987903506161985,1.7259742952336694,4.954971627404376,4.064168377048276,2.5860806795187585,-0.7085391936919194,-8.706176877523319,-3.0823526023047947,-1.717314718786838,-3.6694443921026476,7.467603833941666,6.37626263934537,1.755931518700038,3.8432141179771833,4.778232961601006,4.34544598999436,2.1413465977274626,4.473876583434787,2.651755613458789,3.377710664239288,4.399488871702488,5.229958707802609,1.0933801771073774,5.470097057035957,4.055446806434347,-0.2157250446263106,2.650442650235135,4.60985790890318,2.497672481173481,2.3983312016374185,5.1863320091949845,2.6666575961999683,1.5708606015125497,1.4840034554670893,2.6722535595166335,5.122349937326987,4.814848712131919,6.443831962145353,6.344306076235313,5.689020270028934,2.12146689130239,3.088579937773048,1.4109875104091145,4.5598067804678095,2.8275536712906444,5.267553773605016,2.5257260254030456,2.583360322681912,2.57364787956476,3.2030373057606596,-0.33884922202334167,3.324550700046075,5.5725240904899636,3.3488545320603293,2.9913446841232485,3.121609706874125,-1.0987956265583136,0.2868928177885124,0.4923694948314221,0.6584636456769033,-1.485571019425464,-14.939263667285388,-10.656503346486815,-8.629772812958521,-8.971307223938268
Variación porcentual anual|Actividades terciarias|43-46---Comercio,NA,NA,NA,NA,NA,1.2372226820621677,5.327256807842005,3.4147285190253314,11.463496589382927,5.667325784822779,-6.577943468230615,8.39156118214754,6.725717877846364,1.6166495914825987,2.8075983661435515,28.374601927342468,9.11824387330411,1.9979031244167516,-3.6158933897657306,7.249107877286903,-4.126373187715046,-0.7510456647285935,2.854006906738789,-1.2460663073294143,-0.7752987059076872,-8.577373544100183,-2.382823704871498,7.278284982414249,7.148034081543784,1.1907637348071347,-10.472813732712765,-20.594215941632896,-14.930512872296575,-3.2970999009007755,-12.238991079966155,22.269710739475855,14.563736952431029,6.225363386078413,9.398412782497047,12.387498069301188,12.075232457574131,11.36323003922459,10.393582419426323,-6.020142036239335,6.105102150193616,5.783087588994192,3.1207647903571285,-5.8968793763252165,9.266058964029384,3.057957328260457,-9.197306995966542,6.9615147269895346,4.550650399145468,-0.2709798300715107,0.4754780191191088,5.09607441182925,4.497036984674068,3.2328836879684957,1.6702011783692399,3.5351504587428906,2.819312779802587,-1.8799218899886654,5.767080540174163,-2.6483261927790522,0.8065340690231153,-8.365459421037997,-6.243242379228448,-7.9518407498432,3.490819795154792,-4.5945113802835635,6.758719184285383,3.2365276604557067,2.205016174304177,3.712326613407612,3.8828117350385725,1.5307882598936402,3.317957993319581,7.378402456740304,3.99465614828749,4.094003857043589,2.9706782118824577,-3.5041971101283593,-2.4136048708636366,0.0041705148742039455,-0.8254538755885932,-7.393862148407166,-34.209259511951515,-15.346213185298623,-7.478951411482328,-15.851541926247364
Variación porcentual anual|Actividades terciarias|Resto,NA,NA,NA,NA,NA,4.202293494423557,4.209203108516775,4.643393669623876,4.123102996169877,4.287919622435382,-1.6796759544536144,0.7966152478656454,4.598070289348556,1.1240853372895572,1.1556190817938727,2.8987072647673955,3.337164045965821,3.9461767413824447,4.589532635707144,3.68917136016627,0.634906859597308,2.3659503648218276,4.30838253275634,4.607766936706994,2.9836707428006406,1.4485547344424532,2.8292573492207964,4.308315463501074,3.1991797035651643,2.964466650381013,1.549404375465997,-5.675832944302044,0.3092850130020537,-1.2572478477022742,-1.3855632087645944,4.449916824389803,4.619306949835348,0.6708970773857885,2.25884345895804,2.9734728610321497,2.500732430700552,-0.025687873212092427,2.95747015938052,5.297704706354665,2.6716908499827383,4.038449742142177,5.78205660814244,3.0133515594816345,4.436371945933914,4.3222943971190375,2.1672490791242893,1.5503760268912714,4.624713459654544,3.2865056140447138,2.90649706590078,5.2076152268839735,2.1747077495314784,1.1541433581512024,1.432779978248405,2.4495969676477785,5.664842491203757,6.655095148219232,6.617000096826914,8.823993160149286,6.962216189516951,4.525194433905227,5.448422466762409,3.7876631648800156,4.8235013757102365,4.6516058618976075,4.967912891260468,2.3659073695821036,2.668536717846976,2.296332991814694,3.050735591696977,-0.7209513399174625,3.3260456300574504,5.167803249465834,3.1893983305069042,2.742301958059315,3.1531555445069017,-0.5534012151113927,0.9048309834976891,0.6138523799804432,0.9980253863525803,-0.2528774454931977,-10.699679908331206,-9.618677461605088,-8.914406627918638,-7.425342498048892
Variación acumulada|Total,NA,NA,NA,NA,NA,3.2001514292941238,3.6308847697602573,3.9250777058681905,4.408039269620616,4.408039269620616,-1.2960869549830392,0.6567122445214864,1.648467846788975,1.3984082141099492,1.3984082141099492,6.923475969531694,5.7836564477266705,5.68544723088884,5.1650385778002175,5.1650385778002175,-0.6650577534737891,0.28357895223653884,1.0004811867352998,1.4251339126053892,1.4251339126053892,-0.9727865299605583,0.34669836479250193,1.3055685249581188,1.736524462906928,1.736524462906928,-1.0381179459178753,-4.910901805585013,-4.1701124511369585,-3.5861522993586448,-3.5861522993586448,6.369137527671825,5.642523350277642,3.9213626072727124,3.5722078343528523,3.5722078343528523,3.3199204482074833,2.9502810530665613,3.580837756894354,3.551272419014367,3.551272419014367,4.841659706144114,4.738321257780839,3.730915992969969,3.9516723856301468,3.9516723856301468,-0.5600117289864528,0.8401674147957578,1.4028753973534691,1.485674344585263,1.485674344585263,4.84972693786267,3.6348344312167455,3.0879731770328647,2.823934949256838,2.823934949256838,4.349762857983293,4.015980719588526,4.4008340060545095,4.411083297233233,4.411083297233233,1.7545084063700074,2.50492266325449,2.2725128239148233,3.046933772081317,3.046933772081317,5.642660185570378,3.990873782919408,3.4094786233168435,2.9861106252003395,2.9861106252003395,-0.43661649585816065,1.4722730734521718,2.5929414654863905,2.702365091179985,2.702365091179985,2.424299079625669,0.2639701271255177,0.2609935588205161,0.3747000537250216,0.3747000537250216,-1.4642456600666378,-8.840569597739119,-9.652408183340157,-9.380735663913654,-9.380735663913654
Variación acumulada|Actividades primarias,NA,NA,NA,NA,NA,-14.893956236050059,-0.1450928064669057,-7.856068060622761,-9.888920872241656,-9.888920872241656,15.561762979571569,2.3025965662633894,7.664013071163438,9.994032525620497,9.994032525620497,-23.054800541422964,-14.207232976303914,-12.388313420138772,-12.59437395779429,-12.59437395779429,5.753425017525231,0.7507393442213441,-1.5918943172886202,-1.3805515710866558,-1.3805515710866558,-2.182330364827294,-2.4332069982880427,-0.5057921626392954,-5.762934320659625,-5.762934320659625,6.244110042220925,-0.3934442629791448,0.5605964170577948,7.672738382504704,7.672738382504704,6.554192757311512,7.318250292146232,6.515320859552702,-1.2560615433804259,-1.2560615433804259,0.2935408058315261,2.2977537599361284,0.7820488201539604,5.548481477464335,5.548481477464335,-5.029642328213939,-6.980771710699656,-6.980649203085903,-1.8578845258264494,-1.8578845258264494,-29.985425897708325,-14.45979354100561,-9.577303168397222,-10.923922939099555,-10.923922939099555,33.67981144114043,9.997890947531587,3.0727071466461098,1.662491271470799,1.662491271470799,-7.102974427930235,-6.364541944340047,-4.2432910477644015,-2.284955685569116,-2.284955685569116,-12.451370681224134,2.513554749773334,3.9143441329755717,2.921946796743228,2.921946796743228,3.3974064196382443,-1.9230304959346682,-2.4494231573576286,-6.4935302759355835,-6.4935302759355835,-15.14955237710818,-4.364365706625435,-0.8427821299291764,4.7509120888902885,4.7509120888902885,8.616679751920913,4.6624826971186195,3.97710118274442,3.19461045860092,3.19461045860092,2.7321884128438825,2.4387667782863645,3.6893916796405932,0.7864519498264713,0.7864519498264713
Variación acumulada|Actividades secundarias,NA,NA,NA,NA,NA,0.44426932174621925,0.864608619690614,2.528396807729294,3.4057755338012328,3.4057755338012328,7.229693448846092,5.446797388244562,1.9679949258069485,0.6716211152229192,0.671621115222905,4.034024255101912,5.246268642688094,9.61005949058871,9.920377082339911,9.920377082339954,-2.4942646265018595,-2.5380831645167206,-3.8670751412920197,-3.1130333781524655,-3.1130333781524797,-3.3552571530832864,-1.6238224521476496,-3.790919156953052,-3.793245330640346,-3.793245330640346,-3.2263873745401526,-4.209413688468118,-2.9156777884673346,-3.0495847882055216,-3.0495847882055216,-1.028751522285603,-3.014491441476409,-4.317937318204002,-4.769261299607379,-4.7692612996074075,-4.166588755390322,0.9856183442168032,3.1807716368334127,4.866302178370631,4.8663021783706455,8.404224822573951,4.141230603971664,5.097639400502402,3.1979192960379805,3.1979192960379805,-3.0898009005303066,-2.289867109693816,-5.749725672576957,-5.3811799194144925,-5.3811799194144925,2.1143457425422554,1.6390807293104785,3.003479155147744,4.073578933628298,4.073578933628269,-1.8927652139449833,-3.7621193438010465,-4.180656409942117,-5.90884685865727,-5.908846858657242,-1.395578064199384,1.5014424099250476,2.8181780493864466,5.0426194872045755,5.042619487204519,9.034592937490132,5.226167087568115,3.2304977844867153,1.093689824656252,1.0936898246562947,-1.2469700519843627,1.0570249312466018,0.19935582464552226,0.06820481017584257,0.06820481017581415,-3.7222370977371355,-5.85205639809007,-3.952614781992807,-2.290812882999475,-2.2908128829994894,-1.2748712785375318,-14.140773662183548,-15.070575363345966,-13.368720722393789,-13.36872072239376
Variación acumulada|Actividades secundarias|21---Minería,NA,NA,NA,NA,NA,-2.536404832709522,-2.0312560447409993,1.8120876769862662,-1.2548534472851145,-1.2548534472851145,12.27334303990824,2.388686915001543,-6.3691329818937845,-9.392814162291387,-9.392814162291387,-5.568020930402199,-0.8173633439431285,11.201714045226495,15.2043718473804,15.2043718473804,-4.8923591305847225,-2.1950138230174474,-3.5560221835306436,-2.026920611051594,-2.026920611051594,-12.764474946181693,-10.27609583071019,-15.301478762122116,-15.225997853928973,-15.225997853928973,4.300661913013101,5.233137659270184,8.086995317535568,5.481971703627096,5.481971703627096,-10.83559456130078,-14.312394209524697,-15.16036593492737,-13.319693619048024,-13.319693619048024,1.4391813003031189,13.309408222248905,16.7126108312938,17.530974982894662,17.530974982894662,19.492252112568778,7.77587514170051,12.114839319515,8.511674494345016,8.511674494345016,-6.202358120911072,-8.117045630180812,-16.465471064715487,-15.646522851194419,-15.646522851194419,5.721926027781748,7.6445415577505855,12.425601848300104,14.63205812624544,14.63205812624544,2.1563430636867764,-2.233999575859116,-4.810837359590266,-6.875190229713226,-6.875190229713226,-1.2317722181071815,7.234776128231061,13.036321161044228,15.100276241306304,15.100276241306304,25.7548870582131,13.995990476714184,5.082713139690284,1.2579704356471524,1.2579704356471524,-11.089007230194369,-7.835837149633321,-6.323641334009309,-4.815112166436293,-4.815112166436293,-14.001219384706047,-12.975886603989068,-9.73645966306023,-5.423055551077894,-5.423055551077894,8.207410631598307,-3.589623854532661,-2.2591010452753153,3.901018734279589,3.901018734279589
"Variación acumulada|Actividades secundarias|22---Generación, transmisión y distribución de energía eléctrica, suministro de agua y de gas por ductos al consumidor final",NA,NA,NA,NA,NA,12.46010506662627,10.288585426241397,9.768394167281372,9.279944405284496,9.279944405284496,7.069934562837659,8.883765033854047,9.674662158865573,9.986139992440869,9.986139992440869,7.201393466722109,7.4387864608640655,7.825088146904548,8.07468618164016,8.07468618164016,5.269498849664032,3.594781285315918,2.601164930004913,1.040933008276994,1.040933008276994,-3.7782757139647742,-5.6130924616145705,-6.078088003007352,-5.677148467412096,-5.677148467412096,12.13751339379381,15.80712812561029,17.036982480674894,17.494614516789824,17.494614516789824,17.706085570983817,15.213816001912988,15.551011977267493,15.686501332384964,15.686501332384964,1.8732948711760713,3.4039626831246323,2.0627562053047654,1.9382344587608031,1.9382344587608031,10.620189283321736,11.840153154326003,11.71997696542104,10.70676225967992,10.70676225967992,-2.441370339280951,-2.148085229659742,-1.3237713542531822,-0.7098253394763532,-0.7098253394763532,0.6818243127620178,-0.09488375851299224,0.339406796112911,1.560402231472338,1.560402231472338,3.805747005759912,5.023375393421077,4.889625866780477,3.4376720369737654,3.4376720369737654,-2.198249118843407,-3.4521625007951258,-1.8333629754856275,-0.6698391020612036,-0.6698391020612036,3.000310413748835,3.5236421402927505,1.6455220786028946,0.7236506774183908,0.7236506774183908,4.820544149378563,4.623102213700818,4.805195355245644,4.424368157095685,4.424368157095685,-0.48097664656263817,-2.100196083095412,-2.772837983807321,-2.8606122357057444,-2.8606122357057444,-5.642122356552875,-9.458814693560797,-10.756346515015139,-9.914681227848888,-9.914681227848888
Variación acumulada|Actividades secundarias|23---Construcción,NA,NA,NA,NA,NA,3.698900724613054,5.401963097750894,7.946448136524296,8.340082723463624,8.340082723463624,22.91809963150415,12.689984317021839,3.3928494513822756,-0.34147289085495913,-0.34147289085495913,3.4855740079665622,7.669988943790656,19.367367439191938,21.617557206759685,21.617557206759685,-7.516745191261592,-7.899766270148646,-9.70917716402289,-6.134529378508887,-6.134529378508887,-6.344512354850423,-1.1692784632897144,-6.28498700762438,-7.533692492627296,-7.533692492627296,-0.9310300614217937,-0.010091242569359338,2.9658969930162584,0.8646891472023981,0.8646891472023981,-2.41029005949531,-9.57994297340825,-12.517392650424313,-12.87213721121526,-12.87213721121526,-7.614997617752778,9.193747763859434,16.11566108588032,20.628724615945828,20.628724615945828,22.041577867364225,9.655486552530832,13.225813875871722,10.023411962414784,10.023411962414784,1.7381241104817775,-1.1746922664478348,-10.863887967308145,-11.091656733899839,-11.091656733899839,2.961035978801135,5.282014204813379,9.282435979264122,11.512545541670022,11.512545541670022,-2.331386118551819,-7.416313708906202,-9.135872437688093,-12.578534198489592,-12.578534198489592,1.3148337084249562,7.102218924013442,10.152709374784024,14.656789240281682,14.656789240281682,15.278266438037093,9.397715411316128,5.458266970724139,1.7659051990665375,1.7659051990665375,-2.009346854449376,-0.7364887924607757,-2.714467079685619,-2.701003027659681,-2.701003027659681,-7.713752529802221,-9.536408592457988,-6.942739394359478,-4.102601149313102,-4.102601149313102,-1.1056408703560265,-18.533454599027593,-19.837465848349296,-16.26213886795226,-16.26213886795226
Variación acumulada|Actividades secundarias|31-33---Industrias manufactureras,NA,NA,NA,NA,NA,-1.5031298680488874,-1.5960519475630548,-0.30953662638756896,0.7899757361021784,0.7899757361021784,-0.44079993509993187,1.6880076469103926,0.9306500997036835,0.8364697769599871,0.8364697769599871,4.230381171253001,3.8114256697302977,4.544734569521822,3.9470909259681406,3.9470909259681406,0.1620809837521051,0.26172194295901363,-0.6430339127893916,-1.4731030514706305,-1.4731030514706305,-1.6742983988994808,-1.6707103253928892,-2.3137451099098882,-1.5420008033846955,-1.5420008033846955,-5.166693245576397,-7.345904106330721,-6.898862453060886,-6.0872447916859045,-6.0872447916859045,-1.3087091272949891,-0.2799854127268162,-0.6705364942413041,-1.1897073777621756,-1.1897073777621756,-2.6934701445207168,-3.4378618371930116,-3.3628443061140842,-3.0328357638642984,-3.0328357638642984,1.1904518516801375,0.3653261606590803,-0.3546031475237186,-1.6739415457370939,-1.6739415457370939,-6.14874491500764,-3.0119683374374233,-2.5167166639984373,-1.657676501445195,-1.657676501445195,1.6530727967561063,-0.60814693127422,-0.7990504289168996,-0.5380352695573833,-0.5380352695573833,-2.0424953322842185,-1.9284744843777446,-1.4167237073078667,-1.825192239406519,-1.825192239406519,-3.1797510669559443,-1.7420881263153802,-1.5472261269724186,-0.6800888789520769,-0.6800888789520769,5.06837376850136,2.3909104398448733,1.7478554770933243,0.6245679375567619,0.6245679375567619,-1.1408210422208356,2.129153931213736,2.006334929438495,1.7898772257332496,1.7898772257332496,-0.8956770669230991,-3.4454592178449985,-1.9081817641235403,-0.9367899243650584,-0.9367899243650584,-1.0204988477131849,-11.513373079811544,-12.208530194048535,-11.657998725399153,-11.657998725399153
Variación acumulada|Actividades terciarias,NA,NA,NA,NA,NA,3.640286404699779,4.049398239813584,4.152164397047358,4.576235844380278,4.576235844380278,-2.586578962403962,-0.042178564150475495,1.5951487584351582,1.5045096463225889,1.5045096463225889,7.422247053560383,5.881185118206417,5.095491257546087,4.4506658362752205,4.4506658362752205,-0.3754099384099021,0.7142460386742044,1.7831475960704068,2.158059163538198,2.158059163538198,-0.5987903506161985,0.6396219464876935,2.0790363576562925,2.5860806795187585,2.5860806795187585,-0.7085391936919194,-5.014904323733816,-4.352127317279098,-3.6694443921026476,-3.6694443921026476,7.467603833941666,6.902802643481039,5.114227671454174,4.778232961601006,4.778232961601006,4.34544598999436,3.2103780259828483,3.635424909782458,3.377710664239288,3.377710664239288,4.399488871702488,4.822734776639862,3.558012282039627,4.055446806434347,4.055446806434347,-0.2157250446263106,1.2506815754918392,2.3627547825377775,2.3983312016374185,2.3983312016374185,5.1863320091949845,3.8793785793715756,3.0983543918327854,2.6722535595166335,2.6722535595166335,5.122349937326987,4.964711319628407,5.457717336574987,5.689020270028934,5.689020270028934,2.12146689130239,2.6165436120273426,2.2109620709123874,2.8275536712906444,2.8275536712906444,5.267553773605016,3.8575229527586288,3.43221534159764,3.2030373057606596,3.2030373057606596,-0.33884922202334167,1.5209568586995061,2.8622460836852213,2.9913446841232485,2.9913446841232485,3.121609706874125,0.9409629609507846,0.7187248112577151,0.6584636456769033,0.6584636456769033,-1.485571019425464,-8.296506922035078,-9.094941965128442,-8.971307223938268,-8.971307223938268
Variación acumulada|Actividades terciarias|43-46---Comercio,NA,NA,NA,NA,NA,1.2372226820621677,3.391174663780248,3.3994681342362156,5.667325784822779,5.667325784822779,-6.577943468230615,1.4531340717623493,3.309920200426731,2.8075983661435515,2.8075983661435515,28.374601927342468,17.337106263144662,11.756668755093912,7.249107877286903,7.249107877286903,-4.126373187715046,-2.327194456744621,-0.6068567154835449,-0.7752987059076872,-0.7752987059076872,-8.577373544100183,-5.222158066769154,-0.9270564633336136,1.1907637348071347,1.1907637348071347,-10.472813732712765,-16.11920245602586,-15.676946949903837,-12.238991079966155,-12.238991079966155,22.269710739475855,18.20015309191551,13.70545858767484,12.387498069301188,12.387498069301188,12.075232457574131,11.710788898962136,11.24890475527829,6.105102150193616,6.105102150193616,5.783087588994192,4.424598291442109,0.8331538276440824,3.057957328260457,3.057957328260457,-9.197306995966542,-1.0549805264262915,0.7653592241132259,0.4754780191191088,0.4754780191191088,5.09607441182925,4.769767415362594,4.251940707671963,3.5351504587428906,3.5351504587428906,2.819312779802587,0.26621435295754736,2.10152010176445,0.8065340690231153,0.8065340690231153,-8.365459421037997,-7.237136294752318,-7.48415062128376,-4.5945113802835635,-4.5945113802835635,6.758719184285383,4.8660047597916645,3.9509699147972412,3.8828117350385725,3.8828117350385725,1.5307882598936402,2.4762339611346817,4.133630856275161,4.094003857043589,4.094003857043589,2.9706782118824577,-0.4827851937928642,-1.155926016932824,-0.8254538755885932,-0.8254538755885932,-7.393862148407166,-21.26199189783526,-19.22581844037167,-15.851541926247364,-15.851541926247364
Variación acumulada|Actividades terciarias|Resto,NA,NA,NA,NA,NA,4.202293494423557,4.205878351980431,4.34225891988919,4.2879196224353535,4.287919622435382,-1.6796759544536144,-0.394881414392529,1.1659937785427843,1.155619081793887,1.1556190817938727,2.8987072647673955,3.128916663628715,3.3930725045930217,3.68917136016627,3.68917136016627,0.634906859597308,1.5456173211261444,2.443378850311234,2.9836707428006406,2.9836707428006406,1.4485547344424532,2.180817292712817,2.8847344073181063,2.964466650381013,2.964466650381013,1.549404375465997,-2.30685400248602,-1.4292852766233324,-1.3855632087645944,-1.3855632087645944,4.449916824389803,4.53720611851098,3.217400069773362,2.9734728610321497,2.9734728610321497,2.500732430700552,1.197807348426764,1.7836675925209136,2.6716908499827525,2.6716908499827383,4.038449742142177,4.92679079812774,4.282385629557652,4.322294397119023,4.3222943971190375,2.1672490791242893,1.850399905676241,2.7733589766108366,2.90649706590078,2.90649706590078,5.2076152268839735,3.6543889150546676,2.8076231450242943,2.4495969676477785,2.4495969676477785,5.664842491203757,6.1647357751067915,6.315442043253057,6.96221618951698,6.962216189516951,4.525194433905227,4.993405412541051,4.590481005986973,4.651605861897565,4.6516058618976075,4.967912891260468,3.642598577020266,3.319593604420689,3.0507355916969914,3.050735591696977,-0.7209513399174625,1.314968155702175,2.584541437517956,2.7423019580592864,2.742301958059315,3.1531555445069017,1.2514880918762117,1.1343823083737306,0.998025386352623,0.9980253863525803,-0.2528774454931977,-5.517119142042233,-6.899539937412385,-7.42534249804892,-7.425342498048892
Contribución a la variación total|Total,NA,NA,NA,NA,NA,3.200151429294107,4.031085996103884,4.5414127339872135,5.817844240371353,4.408039269620605,-1.2960869549830372,2.4565970748930783,3.70810213764463,0.6815198925592103,1.398408214109952,6.9234759695316885,4.771569877416633,5.487491648543722,3.658766242783833,5.165038577800247,-0.6650577534737963,1.1432080616402271,2.4495634761080938,2.6782810337553564,1.4251339126053861,-0.9727865299605453,1.5210034204387424,3.202766405203266,2.9874915023593025,1.7365244629069374,-1.0381179459178687,-8.272907342930942,-2.7449666140458477,-1.9187321361497793,-3.586152299358643,6.3691375276718345,4.961990099378164,0.6839008333903238,2.598127609578822,3.572207834352836,3.3199204482074642,2.5994424971867107,4.8253125301220505,3.467726548706451,3.551272419014339,4.8416597061441164,4.639550118711194,1.7782519143340916,4.5761687900511365,3.951672385630151,-0.5600117289864373,2.181046923725436,2.5252995884328895,1.7180105832352828,1.4856743445852751,4.849726937862672,2.5026042710290457,2.015087105187795,2.0853314498984474,2.8239349492568255,4.349762857983301,3.697786443605973,5.167865163927002,4.440035595290916,4.411083297233212,1.7545084063700223,3.2247897659504523,1.8143821962218318,5.233704534635665,3.0469337720813394,5.642660185570366,2.4288962211640586,2.2556486403956697,1.8242654437504762,2.986110625200307,-0.43661649585814505,3.3340109945417136,4.854747981474399,3.007330370743997,2.7023650911799826,2.424299079625679,-1.7661137675055418,0.25517984741842586,0.6903268877131256,0.37470005372499654,-1.4642456600666345,-16.067864162773077,-11.238197113844183,-8.629841705091026,-9.380735663913613
Contribución a la variación total|Actividades primarias,NA,NA,NA,NA,NA,-0.009296781441620437,0.008452526242294232,-0.016949060556141874,-0.011333184654963333,-0.007019146609539278,0.008010532965456597,-0.004561218867254769,0.011697114194353698,0.009933564086314507,0.006122381964510753,-0.013894527202433345,-0.0050486731228974215,-0.006184231580661509,-0.00884228200316808,-0.008369398246397609,0.0024952687206062974,-0.0015088480327062417,-0.003438789623968254,-0.00043303763988063274,-0.0007624972576702968,-0.0010076361935009545,-0.0015320274620204495,0.0017366225957579995,-0.011293157163794278,-0.0030948977196681663,0.002847846421109998,-0.0028496805027940324,0.001249961559841834,0.013874003540958118,0.0038167866007999254,0.0032092396064941284,0.004617807672951026,0.002945399556078418,-0.012667058134127626,-0.0006977900155403614,0.000143981376477383,0.00231067667520375,-0.0011637751692829073,0.0099939283918951,0.002938699530657752,-0.0023947701836708906,-0.005124421566172384,-0.003931950783787007,0.007018651122438714,-0.0010029893239083716,-0.01293275790525234,-0.0012655071286007246,-0.0002340423644669329,-0.007939159263582967,-0.005567755491471321,0.010227699616989374,-0.0016305407416312384,-0.0040218529776692305,-0.0009553006950199918,0.0007437333245522317,-0.0027500911265192058,-0.0027759863357150485,-0.00007620607080612333,0.0014042781704364509,-0.0010106532516275832,-0.004291749234356767,0.006041892890975271,0.002753338388885778,0.00016775457162047884,0.0012095157594413405,0.0010075355287058666,-0.002415240609480998,-0.0015034932599641466,-0.007298128591472663,-0.0026846830200523697,-0.004397268493298123,0.0011105253667051686,0.002264085488617027,0.007661658316627759,0.0017834138885858522,0.002131462155577429,0.0011393135552443092,0.0012234374224157458,0.0004942770653184943,0.0012231238299124925,0.0007167073220317261,0.001048935088903071,0.002493444185980451,-0.0027853325785901373,0.0003095690022351017
Contribución a la variación total|Actividades secundarias,NA,NA,NA,NA,NA,0.05957374184247502,0.16237796523951656,0.8171240377709443,0.8072787278364586,0.45953841385419414,0.9435681359781153,0.4602009895455565,-0.632923708337302,-0.4023457632178114,0.08975135155048557,0.5719691206794427,0.810433884001369,2.4539909287129538,1.4195783816778145,1.3161965887011584,-0.3440954538444083,-0.32886043616110294,-0.9352113056053113,-0.12864588998653548,-0.4317011263853038,-0.4543497950718808,0.009387355169810596,-1.071706994910271,-0.5137189520387533,-0.5024931036085587,-0.4263877424584312,-0.6220105620414539,-0.04313618893485466,-0.4328808422291871,-0.3820221586194118,-0.13294980370823806,-0.6174757128863274,-0.8535731908281716,-0.7523639357495273,-0.6007713550565529,-0.5010156107589796,0.6996987179734726,0.8750751706624755,1.1090466627441675,0.5636260953291017,0.9373486678008225,0.0311339762236272,0.8197301336970444,-0.2375603071527625,0.37509392697355964,-0.3563250222265985,-0.1689333601687674,-1.5050128552970221,-0.48757834167255804,-0.6265987243273715,0.2376294443387197,0.1277373590879398,0.6177299498235662,0.7610282283223265,0.4422429472828087,-0.20717647903510697,-0.5972481192953331,-0.5556272580070061,-1.1936465020077496,-0.6492826289160691,-0.14361751417140087,0.432134006612221,0.5431498045143993,1.111673215517884,0.4993320432502646,0.9009580946190915,0.15552904730208864,-0.056089483160606635,-0.4800019739200022,0.11039715465623123,-0.1283444233384866,0.3345125530978069,-0.15336319834935466,-0.030298181153505598,0.006758092073850169,-0.3799931741815116,-0.7763480830663138,-0.005526109091428269,0.24287094787245184,-0.22116397172914573,-0.12233791911622535,-2.505014204589685,-1.5992814706331644,-0.8085492817242388,-1.2563937121888344
Contribución a la variación total|Actividades secundarias|21---Minería,NA,NA,NA,NA,NA,-0.00013970215998569227,-0.00008546441116278682,0.0005439993638486118,-0.0005735298115947178,-0.00007168469722949373,0.0006384244552892077,-0.0003500412932865532,-0.0013195386223755806,-0.0009728515743714302,-0.000507470727395751,-0.000329450207088344,0.0002110117603486966,0.0017731940672057226,0.0012402521561922447,0.0007340324386635605,-0.00025565440377712205,0.000024427680476430156,-0.0003445159291493908,0.00012760721790631353,-0.00010719661808033199,-0.0006386328725521603,-0.0003698175878924379,-0.0013035555036287631,-0.000808188763769678,-0.0007778418009095515,0.00018954941030812286,0.0002577042477068935,0.0005565826811556148,-0.00006852535263146328,0.00023336090099028084,-0.0005033371663877151,-0.0008534711248483462,-0.0007787509858450162,-0.00035070744919032124,-0.0006203322539293485,0.0000560399373243509,0.0009526097417813025,0.000900322857336464,0.000790806771655354,0.0006833031157295227,0.0007451879535973811,-0.00006328509759690224,0.0009054531448486494,-0.0000491904786780403,0.0003765470391100215,-0.00027025049826865597,-0.00043894083981912556,-0.0016075614599306697,-0.000577591244410411,-0.0007225485826764144,0.00023517045504975324,0.0003717325489600417,0.0008255051279547851,0.0007863503801582833,0.0005616333391263285,0.00008936267063509889,-0.0002665337363640108,-0.00042322745409471173,-0.0005511907611451007,-0.0002942009370175283,-0.0000499738212744107,0.0006016266788542048,0.0009348079063738346,0.0007858798000713912,0.0005763191114730208,0.0010142275541325087,0.00015365911113684246,-0.0004892520122281045,-0.00039298094778491714,0.00005362778459126315,-0.0005198211729912528,-0.0001863545288962119,-0.00011723040879530441,-0.0000019280941048401915,-0.0002018256646902395,-0.0005861151826368557,-0.00047325427505627137,-0.00010458482780918512,0.0002720641188659779,-0.00021066946572430447,0.00028847791207360456,-0.0005336093371045222,0.000010352594805698773,0.0007594954827332813,0.00014278960594414674
"Contribución a la variación total|Actividades secundarias|22---Generación, transmisión y distribución de energía eléctrica, suministro de agua y de gas por ductos al consumidor final",NA,NA,NA,NA,NA,0.040474782347289774,0.025598378764036627,0.029563295187881443,0.025879538105578512,0.030236703954840138,0.02502628362129677,0.03479020292821293,0.03959781490401021,0.03653343231896101,0.03405596954123823,0.027652262776935378,0.026931791820722008,0.032383481844695784,0.03248439980050379,0.02986950838296151,0.02028667215522823,0.007130298141676572,0.0026256889160240775,-0.013355025360607743,0.003957107057053038,-0.015414720528090158,-0.027085211130855838,-0.026739165048542866,-0.016220983128040576,-0.021499929192465038,0.0481160876445251,0.06506357673774327,0.06715886056138522,0.06378889785078425,0.06142585069258015,0.07953643469172023,0.055324494909425724,0.06853084381134175,0.0659101029780187,0.06711992130437905,0.009311785940780155,0.023044172816389534,-0.002655463734659937,0.007285462006157144,0.00926341479437053,0.05205175615551089,0.062016129823940856,0.053129247636568414,0.03508211229227814,0.05037379006479243,-0.012625171988823626,-0.009582118363535962,0.0017621633601115248,0.005503621704043227,-0.003556645958929231,0.003459240441737497,-0.004140619361966927,0.005945390476315029,0.024311494767402565,0.007649397557915882,0.018540948729815064,0.0296299071906556,0.02278567932764273,-0.003395232704064782,0.016645057665881764,-0.010653661112444398,-0.022704500026369947,0.0065539684745489065,0.01296606615546616,-0.00321309446992633,0.013975943262537394,0.018216376413297413,-0.009067725879520734,-0.008614335505321879,0.003346016182277242,0.021893248630945026,0.02032841166636908,0.02415842611826238,0.014138434954852988,0.020007974410223717,-0.002299772610595223,-0.01700999847287006,-0.01919350665336627,-0.013478467986836678,-0.013153225581645164,-0.0262123834347583,-0.06036600793226261,-0.05993002193856871,-0.03051916673388379,-0.04411874332275702
Contribución a la variación total|Actividades secundarias|23---Construcción,NA,NA,NA,NA,NA,0.15346828626168738,0.27941519189125075,0.5820627038604074,0.42748731408934804,0.3594488601952044,0.9554729342704066,0.12375936932661011,-0.6267967352189594,-0.4864268712103767,-0.015271377280820349,0.18096540601110306,0.5070302211919208,1.8973364745114931,1.1951608159007439,0.9501932023950431,-0.37770942829868087,-0.36447434619179453,-0.7312898829732054,0.21424135038504308,-0.3118253679095123,-0.2968159991264045,0.16890250975577706,-0.7450312035553509,-0.5599036490323833,-0.35440378731480093,-0.04119375997193294,0.0349604482146423,0.36281614723029165,-0.21098140165048737,0.03697065041598,-0.10675955165990246,-0.7282005144546548,-0.8130673433020559,-0.6157580047139987,-0.5757679452935589,-0.3094536380281109,0.9784010471757676,1.1161129304518624,1.250195124104356,0.7762167809651139,0.800914050976797,-0.00022484846130325922,0.8864288829038702,0.09864330114880611,0.43936102201747196,0.07351872092748972,-0.16797388286326378,-1.4036798438761915,-0.5501154439086494,-0.5145836630977904,0.1281396414232519,0.3048899928744094,0.6856827407814514,0.7223047203916426,0.4679168779562691,-0.09907398373238072,-0.5174691140521138,-0.5528568367774539,-1.0095851007770544,-0.5544429866256082,0.052297364969677365,0.47302573956683097,0.6039399918798606,0.9941441578095928,0.5409251630241845,0.6050655582629239,0.14613193254346607,-0.07523714590366494,-0.33299407903862877,0.07251543045394192,-0.08683431302295483,0.024567156705311198,-0.2757663800245182,-0.10369657880908495,-0.10960030386004616,-0.3280855996309493,-0.43952007279982025,-0.04717269100010372,0.1566250211111731,-0.1577153277939587,-0.04237108035085865,-1.296880075978117,-0.8017056396712888,-0.26198989602823886,-0.5972756887854995
Contribución a la variación total|Actividades secundarias|31-33---Industrias manufactureras,NA,NA,NA,NA,NA,-0.13422962460651644,-0.14255014100460803,0.2049540393588069,0.35448540545312685,0.06992453440137911,-0.03756950636887724,0.30200145858402,-0.0444052493999772,0.04852052724797573,0.07147423001746343,0.36368090209849263,0.2762608592283775,0.5224977782895592,0.19069291382037462,0.33539984548449014,0.013582956702821435,0.02845918420853858,-0.2062025956189806,-0.32965982222887713,-0.12372566891476419,-0.14148044254483397,-0.1320601258672182,-0.2986330708027486,0.06321386888544032,-0.12581154530038316,-0.4334996195413315,-0.7222922912415464,-0.4736677794076872,-0.2856198130768525,-0.48065202062896223,-0.10522334957366812,0.0562537777837501,-0.1082579403516125,-0.2021653265643571,-0.09150299881344369,-0.20092979860897325,-0.30269911176046577,-0.2392826189120634,-0.1492247301380009,-0.2225374035461123,0.08363767271491723,-0.030594020041413497,-0.12073344998824283,-0.3712365301151687,-0.11501743214781472,-0.41694832066699594,0.009061581897851468,-0.10148761332101133,0.057611071776458585,-0.1077358666879755,0.10579539201868056,-0.17338374697346268,-0.07472368656215504,0.013625662783123094,-0.03388496157050257,-0.1267328067031764,-0.10914237869751081,-0.025132873103100205,-0.18011497776548527,-0.11119049901932519,-0.18521124420735943,-0.018788859607094217,-0.068278963746384,0.10377711175275359,-0.03895634441546661,0.28090236553949777,-0.00897292076581169,0.028704640634807144,-0.1380005784282666,0.034482080235420806,-0.06288353777348557,0.28980333925502283,0.09836198596569648,0.059261890794831205,0.09655224718836285,-0.049021686757330186,-0.31934475751856717,0.060944673389850906,0.09945233062924942,-0.05008474888781758,-0.054042933242681994,-1.1472345113422004,-0.7376561616181124,-0.5167997144448494,-0.6151420696865221
Contribución a la variación total|Actividades terciarias,NA,NA,NA,NA,NA,3.1498744688932523,3.8602555046220735,3.741237756772411,5.021898697189858,3.9555200023759505,-2.247665623926609,2.0009573042147766,4.329328731787578,1.0739320916907071,1.3025344805949557,6.365401376054679,3.9661846665381613,3.03968495141143,2.2480301431091867,3.857211387345486,-0.3234575683499942,1.4735773458340364,3.3882135713373733,2.8073599613817724,1.85759753624836,-0.5174290986951635,1.5131480927309522,4.272736777517779,3.51250361156185,2.242112464235164,-0.6145780498805475,-7.648047100386694,-2.703080386670835,-1.4997252974615505,-3.207946927340031,6.4988780917735784,5.57484800459154,1.534528624662417,3.3631586034624767,4.173676979424929,3.8207920775899664,1.8974331025380342,3.9514011346288576,2.348685957570388,2.98470762415458,3.9067058085269646,4.613540564053738,0.9624537314208343,4.8067104460814605,3.5775814479805,-0.1907539488545864,2.351245791022804,4.030546486094378,2.2135280841714238,2.117840824404118,4.601869793906963,2.376497452682737,1.4013790083418982,1.3252585222711408,2.3809482686494645,4.559689428144927,4.297810549237021,5.723568628004814,5.6322778191282294,5.061376579400909,1.90241766977578,2.786613866447256,1.2684790533185466,4.12186356454616,2.546392213071633,4.740694555422569,2.275782414471451,2.3132416168162404,2.311565546261951,2.8783981535641283,-0.3038748040263603,2.9983879160772013,5.005847094335137,3.0299668935808746,2.6938235852175465,2.802160791651613,-0.9909049979944724,0.2594825190874384,0.4469616627753552,0.5946409016242298,-1.3426244482724408,-13.563898893272295,-9.641409087397,-7.818507090788197,-8.124651520727014
Contribución a la variación total|Actividades terciarias|43-46---Comercio,NA,NA,NA,NA,NA,0.20291413004456965,0.9031298855431042,0.6487700121515114,2.2826400267122136,1.0238828809070069,-1.0583137572158345,1.4403465185936482,1.264058761962655,0.3390860882121093,0.5133503477734083,4.320849457442644,1.6557355348149612,0.3864198621843133,-0.765464054279649,1.3438708041063163,-0.7544212310514419,-0.14203652097602146,0.5337406904657412,-0.24527299140227732,-0.1465764901439296,-1.513550221816995,-0.4421960001622505,1.3665183024390495,1.353228088797544,0.22023942724209486,-1.7061021358822401,-3.674840546863667,-2.91394671322306,-0.6494058891210756,-2.251536875927384,3.282035034115291,2.249679098530628,1.0627553837395616,1.8251226693794618,2.0743366375716943,2.045631409918332,1.9158639294362116,1.8719837010663625,-1.2465676945746917,1.1093366012448147,1.062716047686445,0.571111253325042,-1.1185018431379563,1.7427458892635261,0.5693543671233402,-1.7052988659586654,1.2554912431977407,0.798062621719331,-0.05325109291641869,0.08776709615250514,0.8628061769275861,0.8489724506470372,0.578161635112352,0.32179851809411586,0.6460476134835931,0.47845371976036427,-0.3618062124134095,1.0436836040736883,-0.5081794158047555,0.1484133405684159,-1.3988453472366595,-1.1369328365706528,-1.4472647249570403,0.624380650086918,-0.8162658666240474,1.0177704902395959,0.5353311436903421,0.3628257153246082,0.6530029638014844,0.6386705999806546,0.2329510117840649,0.5531271373116374,1.213482518635405,0.7156941493737458,0.6792722574182906,0.46100241465368935,-0.5840837675236361,-0.4065052840904975,0.0007543634375381869,-0.1388141409160578,-1.1535316397129987,-5.60115230121492,-2.5158439727776334,-1.3435753558719596,-2.63383384186062
Contribución a la variación total|Actividades terciarias|Resto,NA,NA,NA,NA,NA,2.9469603388486827,2.9571256190789694,3.0924677446208992,2.739258670477644,2.9316371214689436,-1.1893518667107745,0.5606107856211282,3.0652699698249233,0.7348460034785979,0.7891841328215474,2.0445519186120356,2.3104491317232,2.6532650892271166,3.0134941973888356,2.5133405832391698,0.4309636627014477,1.615613866810058,2.854472880871632,3.0526329527840494,2.0041740263922896,0.9961211231218314,1.9553440928932027,2.9062184750787297,2.159275522764306,2.0218730369930693,1.0915240860016926,-3.9732065535230268,0.2108663265522252,-0.8503194083404749,-0.956410051412647,3.216843057658287,3.3251689060609118,0.4717732409228555,1.5380359340830148,2.099340341853235,1.7751606676716343,-0.018430826898177523,2.079417433562495,3.5952536521450797,1.875371022909765,2.8439897608405196,4.042429310728696,2.0809555745587907,3.063964556817935,3.00822708085716,1.514544917104079,1.0957545478250637,3.2324838643750473,2.2667791770878423,2.030073728251613,3.7390636169793767,1.5275250020357,0.8232173732295462,1.003460004177025,1.7349006551658714,4.081235708384563,4.6596167616504305,4.679885023931125,6.140457234932985,4.912963238832493,3.3012630170124395,3.923546703017909,2.715743778275587,3.497482914459242,3.3626580796956804,3.7229240651829727,1.7404512707811088,1.9504159014916322,1.6585625824604668,2.2397275535834735,-0.5368258158104252,2.445260778765564,3.792364575699732,2.3142727442071287,2.014551327799256,2.3411583769979236,-0.40682123047083624,0.6659878031779359,0.446207299337817,0.7334550425402876,-0.18909280855944213,-7.962746592057377,-7.1255651146193655,-6.474931734916237,-5.490817678866393
